ce,gram,htcondor-ce
antaeus.hpcc.ttu.edu,2016-04-10,
atlas-net2.bu.edu,2016-04-10,
carter-osg.rcac.purdue.edu,,2016-04-10
carvergrid.nersc.gov,2016-04-10,
ce.grid.unesp.br,2016-04-10,
ce01.brazos.tamu.edu,,2016-04-10
ce01.cmsaf.mit.edu,,2016-04-10
ce02.cmsaf.mit.edu,,2016-04-10
ce03.cmsaf.mit.edu,,2016-04-10
ce1.accre.vanderbilt.edu,,2016-04-10
ce2.accre.vanderbilt.edu,,2016-04-10
ce503.cern.ch,,2016-04-10
ce504.cern.ch,,2016-04-10
cit-gatekeeper.ultralight.org,,2016-04-10
cit-gatekeeper2.ultralight.org,,2016-04-10
cms-0.mps.ohio-state.edu,2016-04-10,
cms-ce1-osg.rcac.purdue.edu,,2016-04-10
cms-grid0.hep.uprm.edu,,2016-04-10
cms.rc.ufl.edu,,2016-04-10
cms.tier3.ucdavis.edu,2016-04-10,
cms25.physics.ucsb.edu,,2016-04-10
cmsgrid01.hep.wisc.edu,,2016-04-10
cmsgrid02.hep.wisc.edu,,2016-04-10
cmsgrid03.hep.wisc.edu,,2016-04-10
cmsosgce.fnal.gov,,2016-04-10
cmsosgce2.fnal.gov,,2016-04-10
cmsosgce3.fnal.gov,,2016-04-10
cmsosgce4.fnal.gov,,2016-04-10
crane-gw1.unl.edu,,2016-04-10
deepthought.crc.nd.edu,,2016-04-10
fiupg.hep.fiu.edu,2016-04-10,
fnpcosg1.fnal.gov,2016-04-10,
gate02.grid.umich.edu,,2016-04-10
gk01.atlas-swt2.org,2016-04-10,
gk04.swt2.uta.edu,2016-04-10,
globus1.hyak.washington.edu,,2016-04-10
gluskap.phys.uconn.edu,2016-04-10,
gpce01.fnal.gov,,2016-04-10
gpce02.fnal.gov,,2016-04-10
grid1.oscer.ou.edu,2016-04-10,
gridgk01.racf.bnl.gov,,2016-04-10
gridgk02.racf.bnl.gov,,2016-04-10
grow-grid.its.uiowa.edu,2016-04-10,
hadoop-osg.rcac.purdue.edu,,2016-04-10
hammer-osg.rcac.purdue.edu,,2016-04-10
hansen-osg.rcac.purdue.edu,,2016-04-10
hepcms-0.umd.edu,2016-04-10,
heposg01.colorado.edu,2016-04-10,
hpcosgce.fiu.edu,,2016-04-10
its-condor-ce.syr.edu,,2016-04-10
iut2-gk.mwt2.org,,2016-04-10
kodiak-ce.baylor.edu,2016-04-10,
ligo-ce1.pace.gatech.edu,,2016-04-10
mfosgce.hpc.smu.edu,2016-04-10,
mwt2-gk.campuscluster.illinois.edu,,2016-04-10
novastore.farm.particle.cz,2016-04-10,
numep-grid1.research.northwestern.edu,,2016-04-10
nys1.cac.cornell.edu,2016-04-10,
osg-ce.beocat.cis.ksu.edu,,2016-04-10
osg-ce.clemson.edu,,2016-04-10
osg-ce.sprace.org.br,,2016-04-10
osg-gk.mwt2.org,,2016-04-10
osg-gw-2.t2.ucsd.edu,,2016-04-10
osg-gw-4.t2.ucsd.edu,,2016-04-10
osg-gw-6.t2.ucsd.edu,,2016-04-10
osg-gw-7.t2.ucsd.edu,,2016-04-10
osg.osc.edu,2016-04-10,
osg.rc.ufl.edu,,2016-04-10
osgce.hepgrid.uerj.br,2016-04-10,
osggrid01.hep.wisc.edu,,2016-04-10
osgserv01.slac.stanford.edu,2016-04-10,
osgserv02.slac.stanford.edu,2016-04-10,
proton.fis.cinvestav.mx,2016-04-10,
red-gw1.unl.edu,,2016-04-10
red-gw2.unl.edu,,2016-04-10
red.unl.edu,,2016-04-10
ruhex-osgce.rutgers.edu,2016-04-10,
sandhills-ce1.unl.edu,,2016-04-10
top.ucr.edu,,2016-04-10
tusker-gw1.unl.edu,,2016-04-10
u2-grid.ccr.buffalo.edu,2016-04-10,
uct2-gk.mwt2.org,,2016-04-10
umiss001.hep.olemiss.edu,2016-04-10,
uscms1.fltech-grid3.fit.edu,2016-04-10,
